City_ID,City,Country,Lat,Lng,Max Temp,Humidity,Cloudiness,Wind Speed,Current Description
0,Hithadhoo,MV,-0.6,73.0833,81.36,76,0,12.19,clear sky
1,San Jose De Rio Tinto,HN,14.9333,-85.7,71.1,83,0,3.42,clear sky
2,Chuy,UY,-33.6971,-53.4616,66.58,90,0,8.77,clear sky
3,Ambilobe,MG,-13.2,49.05,72.72,94,99,2.75,overcast clouds
4,Dezhou,CN,37.4486,116.2925,37.53,73,0,13.96,clear sky
5,Rikitea,PF,-23.1203,-134.9692,78.78,69,73,10.56,broken clouds
6,Vaini,TO,-21.2,-175.2,84.2,84,75,9.22,broken clouds
7,Ingham,US,42.6,-84.3833,16.0,86,90,4.61,light snow
8,Cidreira,BR,-30.1811,-50.2056,67.93,75,71,6.02,broken clouds
9,Warrington,GB,53.3925,-2.5802,39.2,81,75,19.57,broken clouds
10,Aripuana,BR,-9.1667,-60.6333,72.14,99,100,2.19,overcast clouds
11,Ushuaia,AR,-54.8,-68.3,50.0,76,75,12.66,broken clouds
12,Manaia,NZ,-39.55,174.1333,73.0,70,75,8.99,broken clouds
13,Rocha,UY,-34.4833,-54.3333,63.48,94,3,4.12,clear sky
14,Hami,CN,42.8,93.45,33.22,72,99,5.53,overcast clouds
15,Hobart,AU,-42.8794,147.3294,66.0,63,75,17.27,broken clouds
16,Ibarra,EC,0.35,-78.1167,59.0,88,40,4.61,light rain
17,Moorhead,US,46.8739,-96.7676,-9.4,64,1,8.05,clear sky
18,Yellowknife,CA,62.456,-114.3525,-40.0,74,1,3.44,mist
19,Nago,JP,26.5881,127.9761,69.8,88,40,6.91,scattered clouds
20,Cartagena,CO,10.3997,-75.5144,80.6,78,0,8.05,clear sky
21,Kodiak,US,57.79,-152.4072,37.4,65,1,10.36,clear sky
22,Tambopata,PE,-12.7333,-69.1833,74.12,97,100,2.75,overcast clouds
23,Albany,US,42.6001,-73.9662,25.0,48,0,2.01,clear sky
24,Lagoa,PT,39.05,-27.9833,59.99,92,100,26.64,overcast clouds
25,Pangnirtung,CA,66.1451,-65.7125,23.5,80,76,3.53,broken clouds
26,Stokmarknes,NO,68.5646,14.9108,28.99,79,78,3.0,broken clouds
27,Mataura,NZ,-46.1927,168.8643,81.86,44,5,1.34,clear sky
28,Punta Arenas,CL,-53.15,-70.9167,51.8,66,0,17.27,clear sky
29,Saint-Leu,RE,-21.15,55.2833,77.0,62,48,1.95,scattered clouds
30,Busselton,AU,-33.65,115.3333,62.01,95,100,1.99,light rain
31,Rolla,US,37.9514,-91.7713,21.99,86,90,11.5,light snow
32,Sorland,NO,67.667,12.6934,35.4,79,11,17.87,few clouds
33,Necocli,CO,8.4234,-76.786,78.96,87,100,7.74,overcast clouds
34,Puqi,CN,29.7167,113.8833,55.22,74,83,4.54,broken clouds
35,Codrington,AU,-38.2667,141.9667,60.4,64,100,12.3,overcast clouds
36,Kaitangata,NZ,-46.2817,169.8464,66.0,75,6,8.01,clear sky
37,Tuktoyaktuk,CA,69.4541,-133.0374,-16.6,76,90,19.57,snow
38,Qaanaaq,GL,77.484,-69.3632,10.69,87,100,7.56,overcast clouds
39,Karaton,ID,-6.3424,106.1045,84.99,83,75,13.8,light rain
40,Oistins,BB,13.0667,-59.5333,77.07,78,100,17.34,overcast clouds
41,Puerto Ayora,EC,-0.7393,-90.3518,77.0,94,66,6.76,broken clouds
42,Tasiilaq,GL,65.6145,-37.6368,33.8,55,72,28.77,broken clouds
43,Bethel,US,41.3712,-73.414,35.01,59,1,5.19,clear sky
44,Walvis Bay,NA,-22.9575,14.5053,63.0,94,29,5.75,scattered clouds
45,Senneterre,CA,48.3835,-77.2328,10.4,72,20,6.91,few clouds
46,New Norfolk,AU,-42.7826,147.0587,66.0,46,39,4.0,scattered clouds
47,Georgetown,MY,5.4112,100.3354,82.4,74,20,8.05,few clouds
48,Broken Hill,AU,-31.95,141.4333,69.8,52,0,14.97,clear sky
49,Amalapuram,IN,16.5833,82.0167,68.0,88,92,9.22,mist
50,Khani,GE,41.9563,42.9566,46.4,81,0,12.66,clear sky
51,Severo-Kurilsk,RU,50.6789,156.125,21.96,93,100,24.56,light snow
52,Tiznit,MA,29.5833,-9.5,48.06,87,53,13.11,broken clouds
53,Ukhta,RU,63.5671,53.6835,-26.66,84,100,12.01,overcast clouds
54,College,US,64.8569,-147.8028,-5.01,77,90,1.32,light snow
55,Lebu,CL,-37.6167,-73.65,57.81,93,24,1.86,few clouds
56,Atuona,PF,-9.8,-139.0333,79.99,80,73,18.21,broken clouds
57,Caravelas,BR,-17.7125,-39.2481,78.15,86,100,10.42,light rain
58,Bluff,NZ,-46.6,168.3333,61.45,71,0,7.96,clear sky
59,Mecca,SA,21.4267,39.8261,64.4,59,0,5.06,clear sky
60,Eregli,TR,37.5133,34.0467,42.98,57,0,1.21,clear sky
61,Bredasdorp,ZA,-34.5322,20.0403,66.2,88,98,3.44,light rain
62,Kavieng,PG,-2.5744,150.7967,85.3,65,50,4.97,scattered clouds
63,Leningradskiy,RU,69.3833,178.4167,-10.28,74,0,5.77,clear sky
64,Taltal,CL,-25.4,-70.4833,63.73,75,3,4.47,clear sky
65,Yulara,AU,-25.2406,130.9889,86.0,23,0,17.27,clear sky
66,Pisco,PE,-13.7,-76.2167,71.6,83,75,9.22,broken clouds
67,Souillac,MU,-20.5167,57.5167,75.0,86,6,1.99,clear sky
68,Thompson,CA,55.7435,-97.8558,-27.4,68,40,12.66,snow
69,Saint George,US,37.1041,-113.5841,57.2,17,1,11.5,clear sky
70,Manzhouli,CN,49.6,117.4333,-5.78,87,99,6.06,overcast clouds
71,Ahuimanu,US,21.4447,-157.8378,77.0,47,1,10.36,clear sky
72,Kipushi,CD,-11.7667,27.2333,63.23,98,100,3.38,moderate rain
73,Berbera,SO,10.4396,45.0143,73.65,78,59,4.14,light rain
74,Port Hardy,CA,50.6996,-127.4199,42.8,75,75,8.05,light rain
75,Margate,GB,51.3813,1.3862,36.0,85,100,7.0,light rain
76,Guerrero Negro,MX,27.9769,-114.0611,63.28,54,0,9.8,clear sky
77,Kajaani,FI,64.2273,27.7285,14.0,85,90,6.91,overcast clouds
78,Dehloran,IR,32.6941,47.2679,56.66,80,96,8.03,overcast clouds
79,Umba,RU,66.6871,34.3429,14.74,96,100,3.4,overcast clouds
80,Mar Del Plata,AR,-38.0023,-57.5575,64.0,77,20,11.5,few clouds
81,Athabasca,CA,54.7169,-113.2854,-22.0,76,100,2.3,overcast clouds
82,Hilo,US,19.7297,-155.09,78.8,53,75,5.75,broken clouds
83,Barrow,US,71.2906,-156.7887,-5.8,77,90,14.97,haze
84,Kapaa,US,22.0752,-159.319,73.4,49,40,6.91,scattered clouds
85,Nivala,FI,63.9167,24.9667,12.99,91,99,8.01,overcast clouds
86,Elliot,ZA,-31.3333,27.85,60.37,84,43,4.5,light rain
87,Northam,GB,51.0333,-4.2167,39.99,88,61,5.01,broken clouds
88,Pevek,RU,69.7008,170.3133,-6.57,87,0,4.9,clear sky
89,Butaritari,KI,3.0707,172.7902,80.98,81,71,20.78,broken clouds
90,Hermanus,ZA,-34.4187,19.2345,66.99,94,97,7.31,light rain
91,Touros,BR,-5.1989,-35.4608,77.0,83,20,3.44,few clouds
92,Cape Town,ZA,-33.9258,18.4232,70.0,83,20,11.5,few clouds
93,Provideniya,RU,64.3833,-173.3,1.45,87,2,7.29,clear sky
94,Flin Flon,CA,54.7682,-101.865,-29.85,82,5,7.52,clear sky
95,Cabo San Lucas,MX,22.8909,-109.9124,69.8,60,20,8.05,few clouds
96,Roald,NO,62.5833,6.1333,26.6,63,0,16.11,clear sky
97,Lavrentiya,RU,65.5833,-171.0,-11.04,80,0,1.01,clear sky
98,Saint-Philippe,RE,-21.3585,55.7679,78.8,69,40,6.91,scattered clouds
99,Leshukonskoye,RU,64.8989,45.7622,-21.59,84,76,9.53,broken clouds
100,Lincoln,US,40.8,-96.667,5.0,71,1,3.44,clear sky
101,Guhagar,IN,17.4842,73.1929,72.7,32,0,10.47,clear sky
102,Magistralnyy,RU,56.1725,107.4458,7.84,93,100,7.56,light snow
103,Tezu,IN,27.9167,96.1667,67.48,25,1,0.85,clear sky
104,Torbay,CA,47.6666,-52.7314,42.8,93,75,24.16,broken clouds
105,Saint-Joseph,RE,-21.3667,55.6167,78.8,69,40,6.91,light rain
106,Yei,SS,4.095,30.6779,61.7,30,20,1.52,few clouds
107,Gimli,CA,50.6336,-96.9907,-20.2,63,1,4.61,clear sky
108,Shingu,JP,33.7333,135.9833,58.3,41,0,6.4,clear sky
109,Kapoeta,SS,4.7717,33.5903,71.6,22,1,7.09,clear sky
110,San Quintin,MX,30.4833,-115.95,60.12,72,0,6.78,clear sky
111,Sitka,US,57.0531,-135.33,33.8,55,40,6.91,scattered clouds
112,Olafsvik,IS,64.8945,-23.7142,33.33,84,1,15.99,clear sky
113,Jamestown,US,42.097,-79.2353,17.6,49,1,6.91,clear sky
114,Ancud,CL,-41.8697,-73.8203,62.6,51,0,11.5,clear sky
115,Missoula,US,47.0166,-113.8009,33.8,93,90,4.16,light snow
116,Manacapuru,BR,-3.2997,-60.6206,75.2,100,0,1.14,clear sky
117,Isangel,VU,-19.55,169.2667,86.0,79,20,5.75,few clouds
118,Acurenam,GQ,1.0322,10.6488,68.92,99,92,3.8,overcast clouds
119,Port Shepstone,ZA,-30.7414,30.455,73.89,86,100,3.22,overcast clouds
120,Turukhansk,RU,65.8167,87.9833,-5.21,88,98,9.44,overcast clouds
121,Necochea,AR,-38.5473,-58.7368,59.0,83,0,11.39,clear sky
122,Udachnyy,RU,66.4167,112.4,-34.91,80,6,6.96,clear sky
123,Chokurdakh,RU,70.6333,147.9167,-21.35,86,98,4.23,overcast clouds
124,Itapetininga,BR,-23.5917,-48.0531,63.66,92,12,8.5,few clouds
125,Guaruja,BR,-23.9931,-46.2564,78.01,26,51,8.32,broken clouds
126,Fort Nelson,CA,58.8053,-122.7002,-20.2,76,1,2.19,clear sky
127,La Libertad,EC,-2.2333,-80.9,77.61,80,100,8.57,overcast clouds
128,Khatanga,RU,71.9667,102.5,-35.28,78,0,8.55,clear sky
129,Fortuna,US,40.5982,-124.1573,48.99,93,90,11.5,overcast clouds
130,Hasaki,JP,35.7333,140.8333,57.0,50,20,5.75,few clouds
131,Caxito,AO,-8.5785,13.6643,78.8,83,75,4.61,broken clouds
132,Kuytun,RU,54.3419,101.5036,10.04,93,100,5.61,overcast clouds
133,Murray Bridge,AU,-35.1167,139.2667,63.0,84,99,12.62,overcast clouds
134,Ziro,IN,27.6333,93.8333,42.33,73,47,3.27,scattered clouds
135,Sur,OM,22.5667,59.5289,62.17,66,0,6.78,clear sky
136,Dondo,MZ,-19.6094,34.7431,84.2,79,20,5.75,light rain
137,Sola,VU,-13.8833,167.55,82.33,70,59,3.4,broken clouds
138,Port Alfred,ZA,-33.5906,26.891,66.99,87,37,5.01,scattered clouds
139,Tiksi,RU,71.6872,128.8694,-25.76,84,100,5.35,overcast clouds
140,Reyes,BO,-14.3167,-67.3833,75.0,88,0,0.45,clear sky
141,Lompoc,US,34.6391,-120.4579,60.8,63,1,9.22,clear sky
142,Camocim,BR,-2.9022,-40.8411,78.94,81,0,12.75,clear sky
143,Luderitz,NA,-26.6481,15.1594,67.42,70,0,22.7,clear sky
144,Praia,CV,14.9215,-23.5087,68.0,64,75,20.71,broken clouds
145,Tottori,JP,35.5,134.2333,50.0,81,75,20.71,mist
146,Encheng,CN,22.1839,112.3026,78.01,45,0,3.96,clear sky
147,Paamiut,GL,61.994,-49.6678,25.12,81,50,3.51,scattered clouds
148,Porto Walter,BR,-8.2686,-72.7439,75.58,88,100,1.36,overcast clouds
149,Alekseyevka,RU,50.6309,38.6903,6.76,88,99,12.19,overcast clouds
150,Pathein,MM,16.7833,94.7333,78.75,64,13,8.03,few clouds
151,Pokhara,NP,28.2333,83.9833,51.04,43,0,2.46,clear sky
152,Robertsport,LR,6.7533,-11.3686,80.46,86,87,6.02,overcast clouds
153,Priiskovyy,RU,51.9333,116.6333,-8.84,85,93,1.03,overcast clouds
154,Yeppoon,AU,-23.1333,150.7333,95.0,46,75,5.75,broken clouds
155,Zhaotong,CN,27.3167,103.7167,40.19,77,73,4.29,broken clouds
156,Vao,NC,-22.6667,167.4833,78.03,80,0,5.46,clear sky
157,Itarema,BR,-2.9248,-39.9167,77.97,84,28,9.48,scattered clouds
158,Vardo,NO,70.3705,31.1107,26.91,92,100,29.37,light snow
159,Sovetskiy,RU,61.3614,63.5842,-10.64,90,100,13.76,light snow
160,North Myrtle Beach,US,33.816,-78.68,46.4,66,90,9.22,light rain
161,Upernavik,GL,72.7868,-56.1549,18.97,75,0,4.59,clear sky
162,Malanje,AO,-9.5402,16.341,63.91,98,100,1.97,overcast clouds
163,Fethiye,TR,36.6217,29.1164,46.4,100,0,5.75,clear sky
164,Mahebourg,MU,-20.4081,57.7,75.0,86,4,1.99,light rain
165,Bandarbeyla,SO,9.4942,50.8122,74.82,82,0,11.34,clear sky
166,Corum,TR,40.5,34.75,40.86,68,0,3.2,clear sky
167,Maues,BR,-3.3836,-57.7186,74.7,98,86,2.21,overcast clouds
168,Hasanabad,IR,36.5465,61.0543,42.8,87,100,4.61,overcast clouds
169,Hualmay,PE,-11.0964,-77.6139,70.93,78,100,7.43,overcast clouds
170,Kinna,SE,57.5073,12.6946,15.01,85,0,10.36,clear sky
171,Panji,ID,-7.7253,114.0995,83.66,71,13,9.44,few clouds
172,Atambua,ID,-9.1061,124.8925,80.92,77,73,5.59,broken clouds
173,Ponta Do Sol,PT,32.6667,-17.1,54.0,66,23,5.01,few clouds
174,Mackay,AU,-21.15,149.2,91.0,62,40,9.22,scattered clouds
175,Castro,BR,-24.7911,-50.0119,61.34,92,44,10.78,scattered clouds
176,Ust-Kuyga,RU,70.0167,135.6,-27.47,82,100,4.7,overcast clouds
177,Victoria,HK,22.2855,114.1577,73.0,46,0,11.01,clear sky
178,Ca Mau,VN,9.1769,105.15,83.55,60,58,8.75,broken clouds
179,Huambo,AO,-12.7761,15.7392,61.9,93,100,1.43,light rain
180,Harnosand,SE,62.6323,17.9379,15.8,86,1,11.5,clear sky
181,Arys,KZ,42.4252,68.795,42.8,93,75,6.71,broken clouds
182,Noyabrsk,RU,63.1994,75.4507,22.01,98,100,12.17,snow
183,Puerto Del Rosario,ES,28.5004,-13.8627,59.0,77,40,10.36,scattered clouds
184,Camacha,PT,33.0833,-16.3333,59.0,77,40,13.8,scattered clouds
185,Wiang Sa,TH,8.6359,99.3666,82.99,86,38,1.86,scattered clouds
186,Mount Gambier,AU,-37.8333,140.7667,62.6,59,90,13.8,overcast clouds
187,Kysyl-Syr,RU,63.8986,122.7617,-31.99,82,88,8.41,overcast clouds
188,Sokode,TG,8.9833,1.1333,76.05,31,90,3.67,overcast clouds
189,Klaksvik,FO,62.2266,-6.589,35.6,60,40,17.27,scattered clouds
190,Aleksandrov Gay,RU,50.147,48.5704,17.2,89,71,14.88,broken clouds
191,Monastyrshchina,RU,54.3496,31.838,-5.44,92,39,8.08,scattered clouds
192,Iqaluit,CA,63.7506,-68.5145,26.6,68,90,11.5,overcast clouds
193,Mopti,ML,14.6667,-4.0,75.43,20,100,11.95,overcast clouds
194,Bubaque,GW,11.2833,-15.8333,78.51,53,51,23.53,broken clouds
195,Carthage,TN,36.8611,10.3316,60.8,63,20,5.75,few clouds
196,East London,ZA,-33.0153,27.9116,72.25,88,71,17.09,broken clouds
197,Arlit,NE,18.7369,7.3853,61.77,26,20,5.46,few clouds
198,Pankrushikha,RU,53.8319,80.3406,29.3,98,100,24.14,light snow
199,Roma,US,43.2128,-75.4557,19.4,58,1,5.1,clear sky
200,Biltine,TD,14.5333,20.9167,62.91,27,8,16.11,clear sky
201,Hamilton,US,39.1834,-84.5333,30.2,59,1,6.91,clear sky
202,Kruisfontein,ZA,-34.0033,24.7314,63.0,89,1,1.01,clear sky
203,Vuktyl,RU,63.8567,57.3094,-22.27,87,100,11.86,light snow
204,Talnakh,RU,69.4865,88.3972,-29.16,72,0,1.81,clear sky
205,Bengkulu,ID,-3.8004,102.2655,83.34,63,84,4.12,broken clouds
206,Norman Wells,CA,65.282,-126.8329,-27.4,68,75,2.3,broken clouds
207,Rovinj,HR,45.08,13.64,55.4,88,75,8.05,broken clouds
208,Alofi,NU,-19.0595,-169.9187,86.0,70,100,12.66,light rain
209,Cherskiy,RU,68.75,161.3,-2.88,81,0,3.31,clear sky
210,Port Lincoln,AU,-34.7333,135.8667,63.21,67,99,12.35,overcast clouds
211,Mehamn,NO,71.0357,27.8492,25.68,94,100,22.28,light snow
212,San Cristobal,VE,7.7669,-72.225,66.36,90,100,1.21,overcast clouds
213,El Campo,US,29.1966,-96.2697,61.0,82,1,3.44,clear sky
214,Dongsheng,CN,39.8161,109.9776,21.38,75,0,9.82,clear sky
215,Daru,PG,-9.0763,143.2092,89.33,60,43,7.81,scattered clouds
216,Nome,US,64.5011,-165.4064,17.6,73,90,3.44,overcast clouds
217,Olga,RU,43.7444,135.2892,12.96,78,0,15.01,clear sky
218,Matara,LK,5.9485,80.5353,75.43,87,43,3.98,scattered clouds
219,Cayenne,GF,4.9333,-52.3333,77.0,100,90,8.05,heavy intensity rain
220,Gat,IL,31.61,34.7642,55.0,100,0,1.7,clear sky
221,Dikson,RU,73.5069,80.5464,-27.2,87,91,9.06,overcast clouds
222,North Bend,US,43.4065,-124.2243,48.2,87,90,4.61,overcast clouds
223,Kristiinankaupunki,FI,62.2743,21.376,16.59,97,96,9.42,overcast clouds
224,Poronaysk,RU,49.2167,143.1167,2.05,88,15,0.4,few clouds
225,Bairiki,KI,1.3292,172.9752,84.2,74,75,11.5,broken clouds
226,Chongwe,ZM,-15.3292,28.682,64.8,97,99,3.06,light rain
227,Kodinsk,RU,58.6881,99.1844,17.83,96,100,6.85,light snow
228,Kosikha,RU,53.3617,84.5822,28.4,80,0,13.42,clear sky
229,Helong,CN,42.5397,128.9972,16.75,76,0,7.58,clear sky
230,Vilyuysk,RU,63.7553,121.6247,-29.15,84,82,6.87,broken clouds
231,Wamba,NG,8.9333,8.6,72.82,23,64,4.16,broken clouds
232,Phalodi,IN,27.1333,72.3667,56.62,35,0,7.14,clear sky
233,Goderich,CA,43.7501,-81.7165,19.4,79,100,17.27,overcast clouds
234,Arraial Do Cabo,BR,-22.9661,-42.0278,72.1,84,100,7.67,overcast clouds
235,Grindavik,IS,63.8424,-22.4338,32.0,64,0,17.27,clear sky
236,Ormara,PK,25.2088,64.6357,66.07,40,0,5.97,clear sky
237,Naze,JP,28.3667,129.4833,61.03,66,0,8.97,clear sky
238,Avarua,CK,-21.2078,-159.775,86.0,66,17,11.5,few clouds
239,Prince Rupert,CA,54.3161,-130.3201,41.0,81,90,8.05,overcast clouds
240,Claveria,PH,18.6074,121.0832,79.75,76,27,12.8,scattered clouds
241,Tromso,NO,69.6496,18.957,27.0,93,75,6.91,light snow
242,Faya,SA,18.3851,42.4509,46.4,87,40,1.07,scattered clouds
243,Pimenta Bueno,BR,-11.6725,-61.1936,72.75,97,97,2.33,overcast clouds
244,Acarau,BR,-2.8856,-40.12,78.1,85,33,10.94,scattered clouds
245,Martil,MA,35.6166,-5.2752,53.6,71,100,14.97,overcast clouds
246,Honiara,SB,-9.4333,159.95,77.61,89,100,7.96,light rain
247,Shimoda,JP,34.6667,138.95,55.0,55,0,1.99,clear sky
248,Visnes,NO,59.3556,5.2242,23.0,58,0,6.91,clear sky
249,Iracoubo,GF,5.4802,-53.2011,76.96,88,100,13.44,overcast clouds
250,Piterka,RU,50.6803,47.4454,12.49,91,100,15.73,overcast clouds
251,Hofn,IS,64.2539,-15.2082,32.36,92,91,19.08,light snow
252,Henties Bay,NA,-22.116,14.2845,63.0,90,7,3.0,clear sky
253,Vila Franca Do Campo,PT,37.7167,-25.4333,59.0,88,75,23.02,broken clouds
254,Harper,LR,4.375,-7.7169,79.02,88,0,8.81,clear sky
255,Bathsheba,BB,13.2167,-59.5167,77.22,79,97,18.72,overcast clouds
256,Sangar,RU,63.9242,127.4739,-32.78,79,15,9.08,few clouds
257,Shakiso,ET,5.75,38.9167,56.03,62,56,1.92,broken clouds
258,Tuy Hoa,VN,13.0833,109.3,74.25,83,91,7.74,overcast clouds
259,Cockburn Town,TC,21.4612,-71.1419,77.47,78,0,23.31,clear sky
260,Port Elizabeth,ZA,-33.918,25.5701,63.0,90,4,13.22,clear sky
261,Ribeira Grande,PT,38.5167,-28.7,61.14,88,95,21.88,overcast clouds
262,Coahuayana,MX,18.7333,-103.6833,73.4,78,1,0.27,clear sky
263,Tam Ky,VN,15.5667,108.4833,71.6,94,75,3.44,broken clouds
264,Berlevag,NO,70.8578,29.0864,26.29,95,100,26.44,light snow
265,Loa Janan,ID,-0.583,117.095,84.47,71,100,2.68,light rain
266,Manitowoc,US,44.0667,-87.8001,5.0,72,75,10.36,broken clouds
267,Moratuwa,LK,6.773,79.8816,77.0,88,20,8.05,few clouds
268,Xai-Xai,MZ,-25.0519,33.6442,75.6,81,100,3.09,overcast clouds
269,Yamada,JP,39.4667,141.95,42.71,78,70,3.0,broken clouds
270,Kavaratti,IN,10.5669,72.642,81.27,61,72,9.93,broken clouds
271,Carnarvon,AU,-24.8667,113.6333,84.2,100,40,13.8,scattered clouds
272,Gushikawa,JP,26.3544,127.8686,69.8,88,40,6.91,scattered clouds
273,Leh,IN,34.1667,77.5833,4.77,48,0,2.53,clear sky
274,Airai,TL,-8.9266,125.4092,72.81,74,72,5.39,broken clouds
275,Moerai,PF,-22.4333,-151.3333,81.95,69,1,10.02,clear sky
276,Davila,PH,18.4726,120.5763,82.4,65,75,1.14,broken clouds
277,Monrovia,LR,6.3005,-10.7969,79.38,86,88,7.94,overcast clouds
278,Kaka,TM,37.3482,59.6143,50.49,74,100,8.34,overcast clouds
279,Palana,RU,59.1167,159.9667,19.11,91,100,34.07,overcast clouds
280,Balrampur,IN,27.4333,82.1833,49.75,68,0,3.6,clear sky
281,Paralimni,CY,35.0375,33.9833,55.0,93,0,3.44,clear sky
282,Inhambane,MZ,-23.865,35.3833,76.26,88,93,6.69,overcast clouds
283,Ballina,AU,-28.8667,153.5667,86.0,58,99,8.05,overcast clouds
284,Kutum,SD,14.2,24.6667,46.17,54,1,7.47,clear sky
285,Asau,RO,46.4333,26.4,27.0,73,100,3.65,light snow
286,Imbituba,BR,-28.24,-48.6703,73.4,68,0,3.44,clear sky
287,Pacific Grove,US,36.6177,-121.9166,55.0,94,20,4.61,few clouds
288,Sumy,UA,50.9216,34.8003,-1.71,92,29,6.98,scattered clouds
289,Egvekinot,RU,66.3167,-179.1667,-4.58,78,0,7.81,clear sky
290,Qasigiannguit,GL,68.8193,-51.1922,24.8,39,0,31.07,light snow
291,Pacora,PA,9.0833,-79.2833,80.6,83,40,6.91,scattered clouds
292,Yenagoa,NG,4.9247,6.2642,78.62,91,87,4.34,overcast clouds
293,Juneau,US,58.3019,-134.4197,21.2,45,20,8.05,few clouds
294,Fairbanks,US,64.8378,-147.7164,-5.01,77,90,1.34,light snow
295,Zhigansk,RU,66.7697,123.3711,-36.47,81,100,13.58,overcast clouds
296,Dingle,PH,10.9995,122.6711,81.84,80,47,14.45,scattered clouds
297,Rypefjord,NO,70.6333,23.6667,26.37,95,100,17.45,light snow
298,Dryden,CA,49.7833,-92.7503,-16.6,69,90,18.41,light snow
299,Port Hedland,AU,-20.3167,118.5667,87.8,51,40,11.5,scattered clouds
300,Ailigandi,PA,9.2333,-78.0167,78.91,88,100,10.02,overcast clouds
301,Muswellbrook,AU,-32.2667,150.9,89.01,27,60,3.0,broken clouds
302,Anloga,GH,5.7947,0.8973,84.2,84,20,12.66,few clouds
303,Faanui,PF,-16.4833,-151.75,83.08,65,0,10.07,clear sky
304,Altay,CN,47.8667,88.1167,21.63,86,0,3.2,clear sky
305,Hammerfest,NO,70.6634,23.6821,26.51,95,100,19.15,light snow
306,Les Cayes,HT,18.2,-73.75,76.35,83,46,8.95,scattered clouds
307,Narsaq,GL,60.9167,-46.05,22.68,81,100,3.83,overcast clouds
308,Camacupa,AO,-12.0167,17.4833,62.49,97,100,5.84,light rain
309,Maceio,BR,-9.6658,-35.7353,75.2,94,20,4.61,few clouds
310,Tessalit,ML,20.1986,1.0114,68.63,22,100,8.72,overcast clouds
311,Doische,BE,50.1336,4.7355,39.0,100,75,5.75,broken clouds
312,Hirara,JP,24.8,125.2833,70.21,68,0,8.34,clear sky
313,Baracoa,CU,20.3467,-74.4958,75.96,86,50,4.54,scattered clouds
314,Soyo,AO,-6.1349,12.3689,79.54,85,100,8.25,overcast clouds
315,Flinders,AU,-34.5833,150.8552,79.0,77,22,5.01,few clouds
316,Riyadh,SA,24.6877,46.7219,55.4,71,0,8.05,clear sky
317,Esperance,AU,-33.8667,121.9,60.8,94,75,12.66,light rain
318,Nanortalik,GL,60.1432,-45.2371,24.98,88,100,9.28,overcast clouds
319,Marsh Harbour,BS,26.5412,-77.0636,75.25,86,36,18.45,scattered clouds
320,Bam,IR,29.106,58.357,52.07,34,0,7.36,clear sky
321,Husavik,IS,66.0449,-17.3389,33.8,69,75,5.75,broken clouds
322,Kirakira,SB,-10.4544,161.9205,79.56,86,100,8.79,overcast clouds
323,Nikolskoye,RU,59.7035,30.7861,10.4,85,75,15.66,snow
324,Emirdag,TR,39.0197,31.15,45.77,55,0,6.64,clear sky
325,Slave Lake,CA,55.2834,-114.769,-23.8,76,1,2.3,clear sky
326,Santa Rosa,PH,14.3122,121.1114,87.01,78,20,2.3,few clouds
327,Saint-Augustin,CA,51.226,-58.6502,32.47,97,100,19.8,light snow
328,Chapais,CA,49.7834,-74.8492,12.2,79,40,11.5,scattered clouds
329,Le Vauclin,MQ,14.5452,-60.8388,73.4,94,75,16.11,mist
330,Clyde River,CA,70.4692,-68.5914,-7.6,77,90,2.3,overcast clouds
331,Cabinda,AO,-5.55,12.2,79.5,86,100,8.63,overcast clouds
332,Katsuura,JP,35.1333,140.3,55.0,66,20,5.75,few clouds
333,Ahipara,NZ,-35.1667,173.1667,69.75,63,100,2.64,overcast clouds
334,Saurimo,AO,-9.6608,20.3916,66.2,97,100,4.43,overcast clouds
335,Keti Bandar,PK,24.1447,67.4497,64.02,33,0,8.63,clear sky
336,Troitskoye,RU,52.9821,84.6757,27.3,93,75,13.44,broken clouds
337,Virtsu,EE,58.5716,23.5115,6.8,92,19,5.75,few clouds
338,Soure,BR,-0.7167,-48.5233,79.23,87,55,9.53,broken clouds
339,Korla,CN,41.7597,86.1469,27.1,85,33,2.51,scattered clouds
340,Boromo,BF,11.75,-2.9333,78.82,21,77,4.97,broken clouds
341,Raiwala,IN,30.0167,78.2167,50.58,45,0,4.83,clear sky
342,Honningsvag,NO,70.9821,25.9704,27.81,94,100,25.75,overcast clouds
343,Auki,SB,-8.7676,160.7034,75.81,93,100,12.64,light rain
344,Tautira,PF,-17.7333,-149.15,86.0,62,20,12.66,light rain
345,Aklavik,CA,68.2191,-135.0107,-16.6,76,100,4.61,overcast clouds
346,Kloulklubed,PW,7.0419,134.2556,77.0,94,90,14.97,overcast clouds
347,Beringovskiy,RU,63.05,179.3167,-7.47,90,61,12.1,broken clouds
348,Najran,SA,17.4924,44.1277,59.0,51,0,3.44,clear sky
349,Yumen,CN,40.2833,97.2,32.0,65,100,4.41,overcast clouds
350,Martapura,ID,-3.4167,114.85,80.6,89,40,4.61,scattered clouds
351,Dubbo,AU,-32.25,148.6167,78.8,47,40,12.66,scattered clouds
352,Srandakan,ID,-7.9386,110.2506,84.51,68,9,4.27,clear sky
353,Saint-Georges,GD,12.0564,-61.7485,78.8,73,20,11.5,few clouds
354,Otradnoye,RU,59.7775,30.8181,10.4,85,75,15.66,snow
355,Gweta,BW,-20.1833,25.2333,73.18,76,100,4.34,light rain
356,Millington,US,35.3415,-89.8973,43.0,93,90,6.91,mist
357,Datong,CN,40.0936,113.2914,23.23,79,0,4.9,clear sky
358,Ilulissat,GL,69.2167,-51.1,24.8,39,0,31.07,light snow
359,Lalibela,ET,12.0333,39.0333,42.69,63,100,0.94,overcast clouds
360,Zuwarah,LY,32.9312,12.082,72.07,41,100,26.46,overcast clouds
361,Portland,US,45.5234,-122.6762,46.99,87,90,5.75,overcast clouds
362,Takoradi,GH,4.8845,-1.7554,79.57,86,0,11.9,clear sky
363,Bereda,ES,43.2686,-7.5406,35.01,100,62,3.0,broken clouds
364,Batemans Bay,AU,-35.7167,150.1833,75.0,73,55,3.0,broken clouds
365,Kidal,ML,18.4411,1.4078,70.88,19,100,11.56,overcast clouds
366,Thinadhoo,MV,0.5333,72.9333,81.43,74,0,12.97,clear sky
367,Snyder,US,32.7179,-100.9176,50.0,22,1,6.91,clear sky
368,Half Moon Bay,US,37.4636,-122.4286,61.0,71,1,8.05,clear sky
369,Moindou,NC,-21.6924,165.677,87.8,62,40,10.36,scattered clouds
370,Quchan,IR,37.106,58.5095,40.44,86,100,7.02,overcast clouds
371,Comodoro Rivadavia,AR,-45.8667,-67.5,55.4,71,40,8.05,scattered clouds
372,Windhoek,NA,-22.5594,17.0832,66.99,71,0,8.84,clear sky
373,Storslett,NO,69.7678,21.0247,26.53,94,100,13.94,snow
374,Port Macquarie,AU,-31.4333,152.9167,86.0,48,100,1.99,overcast clouds
375,Kuusamo,FI,65.9667,29.1833,17.6,86,90,10.36,overcast clouds
376,Shitanjing,CN,39.2342,106.3439,28.63,76,0,1.07,clear sky
377,Namibe,AO,-15.1961,12.1522,70.61,81,35,5.08,scattered clouds
378,Sapele,NG,5.8941,5.6767,79.68,88,26,4.45,scattered clouds
379,Srednekolymsk,RU,67.45,153.6833,-13.18,84,0,1.61,clear sky
380,Mayumba,GA,-3.432,10.6554,79.63,82,100,2.26,light rain
381,Maracai,BR,-22.6106,-50.6672,67.23,84,0,3.4,clear sky
382,Tabou,CI,4.423,-7.3528,78.53,90,0,7.31,clear sky
383,Fecamp,FR,49.7579,0.3746,42.8,87,90,17.27,overcast clouds
384,Ostrov,RU,57.3439,28.3537,1.4,92,1,4.47,clear sky
385,Halifax,CA,44.6453,-63.5724,32.0,86,40,10.36,scattered clouds
386,Ust-Tsilma,RU,65.441,52.1498,-33.09,80,95,9.53,overcast clouds
387,Nouadhibou,MR,20.931,-17.0347,60.8,72,0,16.11,clear sky
388,Baykit,RU,61.67,96.37,19.04,94,100,6.02,light snow
389,Bud,US,39.447,-86.1758,21.99,67,100,10.89,overcast clouds
390,Poum,NC,-20.2333,164.0167,80.24,68,0,5.64,clear sky
391,Bambous Virieux,MU,-20.3428,57.7575,75.0,86,3,1.99,light rain
392,Khakhea,BW,-24.6895,23.494,66.69,89,75,12.15,broken clouds
393,Hobyo,SO,5.3505,48.5268,76.66,79,59,15.84,broken clouds
394,Pokrovsk,UA,48.282,37.1758,19.6,88,100,11.21,overcast clouds
395,Boone,US,39.0334,-92.3335,14.0,75,98,5.01,overcast clouds
396,Hailar,CN,49.2,119.7,-9.56,86,0,4.94,clear sky
397,Tura,IN,25.5198,90.2201,61.7,57,100,0.11,overcast clouds
398,May Pen,JM,17.9645,-77.2451,80.6,74,20,23.02,few clouds
399,Vicuna,CL,-30.0319,-70.7081,60.8,82,0,6.91,clear sky
400,Eureka,US,40.8021,-124.1637,51.01,83,1,7.0,clear sky
401,Fos-Sur-Mer,FR,43.4377,4.9446,55.4,93,75,8.05,mist
402,Monchegorsk,RU,67.9397,32.8739,19.99,92,100,9.75,light snow
403,Spearfish,US,44.4908,-103.8594,5.0,78,90,8.3,overcast clouds
404,Salalah,OM,17.0151,54.0924,73.4,68,75,2.3,broken clouds
405,San Carlos De Bariloche,AR,-41.1456,-71.3082,75.2,29,0,11.5,clear sky
406,Cananea,MX,30.95,-110.3,50.0,31,0,3.0,clear sky
407,Coihaique,CL,-45.5752,-72.0662,68.0,40,0,19.57,clear sky
408,Udpura,IN,24.7167,75.9667,51.91,46,0,2.1,clear sky
409,Ponta Delgada,PT,37.7333,-25.6667,59.0,88,75,23.02,broken clouds
410,Ostrovnoy,RU,68.0531,39.5131,8.29,92,100,10.18,overcast clouds
411,Tingi,TZ,-11.3,35.0333,65.64,94,100,2.33,light rain
412,Oranjestad,AW,12.524,-70.027,78.66,78,100,27.11,overcast clouds
413,Karratha,AU,-20.7377,116.8463,83.03,48,0,9.19,clear sky
414,Ekibastuz,KZ,51.6667,75.3667,31.33,93,66,28.23,broken clouds
415,Sambava,MG,-14.2667,50.1667,74.66,89,93,4.56,overcast clouds
416,Ondjiva,AO,-17.0667,15.7333,76.15,47,96,7.74,overcast clouds
417,Naga,PH,13.6192,123.1814,83.66,69,25,10.27,scattered clouds
418,Noumea,NC,-22.2763,166.4572,87.8,62,40,10.36,scattered clouds
419,Raudeberg,NO,61.9875,5.1352,24.01,68,0,8.05,clear sky
420,Kandrian,PG,-6.2167,149.55,88.12,62,100,7.7,overcast clouds
421,Nueva Loja,EC,0.0847,-76.8828,72.57,94,30,0.04,scattered clouds
422,Kralendijk,BQ,12.15,-68.2667,78.8,73,20,14.97,few clouds
423,Rancho Palos Verdes,US,33.7445,-118.387,60.01,58,1,11.5,clear sky
424,Nuevo Progreso,MX,23.1667,-97.95,70.0,91,60,14.0,broken clouds
425,Kuryk,KZ,43.2,51.65,37.42,75,31,8.32,scattered clouds
426,Amapa,BR,1.0,-52.0,71.62,98,94,1.79,overcast clouds
427,Salisbury,GB,51.0693,-1.7957,37.4,93,75,18.41,broken clouds
428,Tallahassee,US,30.4383,-84.2807,50.0,93,90,9.22,overcast clouds
429,Puerto Cabezas,NI,14.0351,-83.3888,77.16,85,11,9.35,few clouds
430,Luau,AO,-10.7073,22.2247,65.52,99,100,3.51,moderate rain
431,La Asuncion,VE,11.0333,-63.8628,76.19,85,100,14.5,overcast clouds
432,Sandviken,SE,60.6167,16.7667,21.0,86,93,5.99,light snow
433,Vestmannaeyjar,IS,63.4427,-20.2734,38.37,76,0,27.38,clear sky
434,Kangaatsiaq,GL,68.3065,-53.4641,23.32,86,2,21.54,clear sky
435,Silver City,US,32.7701,-108.2803,46.4,19,1,6.91,clear sky
436,Sao Filipe,CV,14.8961,-24.4956,69.53,73,18,15.32,few clouds
437,Rafaela,AR,-31.2503,-61.4867,75.0,47,0,1.99,clear sky
438,Impfondo,CG,1.6381,18.0667,73.44,74,3,2.35,light rain
439,Southbridge,US,42.0751,-72.0334,32.0,40,1,12.66,clear sky
440,Namatanai,PG,-3.6667,152.4333,86.16,63,86,6.6,overcast clouds
441,Chicaman,GT,15.4,-90.7667,61.27,78,6,2.15,clear sky
442,Qandala,SO,11.472,49.8728,73.87,76,21,1.54,few clouds
443,Tuatapere,NZ,-46.1333,167.6833,71.83,47,10,6.04,clear sky
444,Dawson Creek,CA,55.7666,-120.2362,-34.6,74,1,2.3,haze
445,Japura,ID,-0.3167,102.35,81.34,69,73,3.74,broken clouds
446,Vostok,RU,46.4856,135.8833,-3.82,89,100,3.58,overcast clouds
447,Olinda,BR,-8.0089,-34.8553,78.8,73,20,5.75,few clouds
448,Tumbagaan,PH,5.3656,120.3139,81.88,77,100,6.85,overcast clouds
449,Puerto Escondido,MX,15.85,-97.0667,80.6,74,75,4.61,broken clouds
450,Zhezkazgan,KZ,47.8043,67.7144,14.11,95,52,14.56,broken clouds
451,Constitucion,CL,-35.3333,-72.4167,57.38,87,32,4.29,scattered clouds
452,Alice Springs,AU,-23.7,133.8833,87.01,25,4,17.27,clear sky
453,Tahta,EG,26.7693,31.5021,53.6,71,0,6.91,clear sky
454,Gornopravdinsk,RU,60.05,69.9,34.09,91,100,10.38,overcast clouds
455,Akdepe,TM,42.0551,59.3788,37.4,93,90,2.3,overcast clouds
456,Havre-Saint-Pierre,CA,50.2334,-63.5986,28.4,93,90,34.52,snow
457,Port Hawkesbury,CA,45.6169,-61.3485,32.0,69,20,16.11,few clouds
458,Nacala,MZ,-14.5428,40.6728,76.41,89,100,2.51,overcast clouds
459,Conakry,GN,9.538,-13.6773,79.0,66,67,4.25,broken clouds
460,Ayan,RU,56.45,138.1667,0.27,91,100,13.11,light snow
461,Tarakan,ID,3.3,117.6333,82.4,83,75,3.44,broken clouds
462,Xuddur,SO,4.1213,43.8894,65.23,89,29,15.17,scattered clouds
463,Steamboat Springs,US,40.485,-106.8317,30.99,55,90,9.22,snow
464,Cairns,AU,-16.9167,145.7667,89.01,74,100,5.75,overcast clouds
465,Puerto Carreno,CO,6.189,-67.4859,84.24,52,100,13.29,overcast clouds
466,Awbari,LY,26.5921,12.7805,61.16,28,0,13.31,clear sky
467,Yar-Sale,RU,66.8333,70.8333,-26.19,86,100,16.87,overcast clouds
468,Port Hope,US,43.9408,-82.7127,17.6,62,100,6.91,overcast clouds
469,West Bay,KY,19.3667,-81.4167,81.0,78,20,10.36,few clouds
470,Kapit,MY,2.0167,112.9333,81.09,82,100,1.07,overcast clouds
471,Sistranda,NO,63.7256,8.834,23.0,80,40,10.36,scattered clouds
472,Garango,BF,11.8,-0.5506,76.91,20,90,8.46,overcast clouds
473,Rantauprapat,ID,2.1,99.8333,82.65,68,28,0.78,scattered clouds
474,Trairi,BR,-3.2778,-39.2689,77.68,84,36,6.55,scattered clouds
475,Eisiskes,LT,54.1667,25.0,-0.99,84,75,1.14,light snow
476,Lichtenvoorde,NL,51.9867,6.5667,28.0,94,100,11.01,snow
477,Borogontsy,RU,62.6683,131.1683,-29.99,82,100,3.44,overcast clouds
478,Udayagiri,IN,20.1333,84.3833,60.12,42,0,2.77,clear sky
479,Avigliano,IT,40.7329,15.72,59.0,30,0,17.27,clear sky
480,Nador,MA,35.174,-2.9287,55.4,71,0,5.75,clear sky
481,Kaeo,NZ,-35.1,173.7833,73.0,62,97,14.0,overcast clouds
482,Platteville,US,42.7342,-90.4785,1.4,66,1,11.5,clear sky
483,Lorengau,PG,-2.0226,147.2712,86.38,66,100,5.55,overcast clouds
484,Port Blair,IN,11.6667,92.75,80.98,70,0,9.84,clear sky
485,Severo-Yeniseyskiy,RU,60.3725,93.0408,18.66,97,95,11.01,overcast clouds
486,Nova Olimpia,BR,-14.7972,-57.2881,75.43,68,69,2.06,broken clouds
487,Saskylakh,RU,71.9167,114.0833,-42.0,78,24,7.58,few clouds
488,Sungai Besar,MY,3.6746,100.9867,79.56,81,78,3.85,broken clouds
489,Makakilo City,US,21.3469,-158.0858,78.8,44,1,14.97,clear sky
490,Komsomolets,KZ,53.7453,62.0708,5.05,87,12,23.04,few clouds
491,Duldurga,RU,50.6761,113.5931,-0.53,86,94,2.48,overcast clouds
492,Port-Gentil,GA,-0.7193,8.7815,81.5,79,99,13.78,overcast clouds
493,Progreso,MX,21.2833,-89.6667,77.0,73,20,6.87,few clouds
494,Kawalu,ID,-7.3817,108.2082,82.62,68,54,3.89,broken clouds
495,Erenhot,CN,43.6475,111.9767,7.18,90,0,6.35,clear sky
496,Bayevo,RU,53.2833,80.7667,31.35,97,100,26.19,light snow
497,Mikhaylovka,RU,50.06,43.2379,10.99,81,100,5.99,overcast clouds
498,Ketchikan,US,55.3422,-131.6461,37.4,80,90,8.05,overcast clouds
499,Gemena,CD,3.25,19.7667,70.75,74,11,1.01,few clouds
500,Tilichiki,RU,60.4667,166.1,18.03,88,100,17.92,light snow
501,Khasan,RU,42.4308,130.6434,17.42,84,0,14.38,clear sky
502,Tsybuliv,UA,49.0766,29.8461,13.68,96,100,7.0,overcast clouds
503,Snezhnogorsk,RU,69.1933,33.2531,23.0,86,75,13.42,light snow
504,Plettenberg Bay,ZA,-34.0527,23.3716,68.61,73,69,6.58,broken clouds
505,Santana Do Matos,BR,-5.9575,-36.6556,75.31,77,0,8.77,clear sky
506,Eugene,US,44.0521,-123.0867,48.2,76,90,8.05,overcast clouds
507,Ouesso,CG,1.6136,16.0517,74.17,78,56,2.71,broken clouds
508,Broome,US,42.2506,-75.833,24.8,33,1,3.44,clear sky
509,Riohacha,CO,11.5444,-72.9072,77.4,66,100,14.25,overcast clouds
510,Velizh,RU,55.6056,31.1967,0.21,93,91,6.04,overcast clouds
511,Kahului,US,20.8947,-156.47,78.8,50,40,11.5,scattered clouds
512,Nsanje,MW,-16.92,35.262,74.98,94,100,1.83,overcast clouds
513,Bobrov,RU,51.0961,40.0333,4.69,89,100,12.88,overcast clouds
514,Kenitra,MA,34.261,-6.5802,50.0,100,75,10.36,broken clouds
515,Florence,IT,43.7667,11.25,55.0,93,75,2.3,light rain
516,Xichang,CN,27.8964,102.2634,49.78,48,0,2.71,clear sky
517,Cobija,BO,-11.0267,-68.7692,74.46,95,99,2.08,overcast clouds
518,Kishtwar,IN,33.3167,75.7667,38.62,56,0,5.7,clear sky
519,Geraldton,AU,-28.7667,114.6,73.4,78,75,23.02,broken clouds
520,Nishihara,JP,26.1842,127.7558,71.6,56,20,6.91,few clouds
521,Gorele,TR,41.0308,39.0031,51.8,58,0,3.44,clear sky
522,Wajid,SO,3.8093,43.2471,69.28,75,0,14.14,clear sky
523,Mmabatho,ZA,-25.85,25.6333,64.4,100,49,4.61,scattered clouds
524,Muzhi,RU,65.3667,64.6667,-29.22,84,100,16.42,light snow
525,Haines Junction,CA,60.7522,-137.5108,-14.8,70,66,1.59,broken clouds
526,La Plata,AR,-34.9215,-57.9545,72.0,90,0,1.99,clear sky
527,Jizan,SA,17.3333,42.6667,71.6,78,20,0.34,few clouds
528,Harare,ZW,-17.8294,31.0539,63.0,91,88,1.99,overcast clouds
529,Cap Malheureux,MU,-19.9842,57.6142,75.0,86,2,3.0,clear sky
530,Laguna,US,38.421,-121.4238,62.6,48,1,4.61,clear sky
531,Metro,ID,-5.1131,105.3067,79.97,81,96,14.85,overcast clouds
532,Porto Novo,BJ,6.4965,2.6036,84.2,84,40,12.66,scattered clouds
533,Kushmurun,KZ,52.4503,64.6311,7.21,90,91,21.14,overcast clouds
534,Huarmey,PE,-10.0681,-78.1522,71.1,77,100,6.91,overcast clouds
535,Susanville,US,40.4163,-120.653,42.8,65,1,8.05,clear sky
536,Rondonopolis,BR,-16.4708,-54.6356,74.57,72,90,1.74,overcast clouds
537,Allapalli,IN,19.4167,80.0667,60.31,49,67,2.26,broken clouds
538,Kupang,ID,-10.1667,123.5833,84.2,84,75,10.36,broken clouds
539,Las Vegas,US,36.175,-115.1372,66.2,16,1,5.75,clear sky
540,Lasa,IT,46.6166,10.7002,39.0,100,100,5.44,light rain
541,Ust-Ishim,RU,57.6935,71.1665,30.43,98,100,12.68,snow
542,Parabel,RU,58.6978,81.4825,32.18,97,100,13.13,overcast clouds
543,Bodden Town,KY,19.2833,-81.25,81.0,78,20,10.36,few clouds
544,Mnogovershinnyy,RU,53.9353,139.9242,-0.18,93,100,7.63,light snow
545,General Roca,AR,-39.0333,-67.5833,78.8,61,0,9.26,clear sky
546,Sao Gabriel Da Cachoeira,BR,-0.1303,-67.0892,74.89,90,2,0.87,clear sky
547,Kokino,RU,52.4964,34.7808,-5.82,91,12,7.67,few clouds
548,Nimaparha,IN,20.0667,86.0167,64.4,77,0,3.44,mist
549,Hope,US,33.6671,-93.5916,45.0,76,97,5.99,overcast clouds
550,Karasjok,NO,69.4719,25.5112,23.0,86,75,25.32,light rain
551,Zapolyarnyy,RU,69.4154,30.8136,24.8,86,75,26.46,snow
552,Stornoway,GB,58.2093,-6.3865,37.4,70,75,18.41,broken clouds
553,Linaon,PH,9.9499,122.4483,81.21,76,56,11.18,broken clouds
554,Portadown,GB,54.4241,-6.4412,39.2,87,75,18.41,broken clouds
555,Uhlove,UA,44.8215,33.6045,37.0,83,100,1.01,overcast clouds
556,Svetlogorsk,BY,52.6333,29.7333,0.16,93,3,5.37,clear sky
557,Maldonado,UY,-34.6667,-54.9167,66.99,88,20,3.44,few clouds
558,Aquiraz,BR,-3.9014,-38.3911,80.6,78,40,6.91,scattered clouds
559,Pushkino,RU,56.0172,37.8667,1.4,78,40,8.95,light snow
560,Ubrique,ES,36.6778,-5.446,53.6,93,90,4.61,overcast clouds
561,Lanzhou,CN,36.0564,103.7922,35.01,35,100,0.43,overcast clouds
562,Marsala,IT,37.7966,12.4352,66.0,59,0,20.71,clear sky
563,Zhovti Vody,UA,48.3473,33.5003,19.4,73,0,8.95,clear sky
564,Teya,RU,60.3778,92.6267,20.86,94,90,8.7,overcast clouds
565,Lata,PT,40.1629,-8.3327,50.0,66,40,12.66,scattered clouds
566,Rio De Janeiro,BR,-22.9028,-43.2075,78.01,88,75,4.61,broken clouds
567,Saldanha,ZA,-33.0117,17.9442,64.4,88,0,6.91,clear sky
568,Vagur,FO,61.4732,-6.8119,37.02,77,100,20.51,overcast clouds
569,Sterling,US,39.0062,-77.4286,39.99,56,90,4.61,overcast clouds
570,San Lawrenz,MT,36.0553,14.204,63.0,88,0,9.22,clear sky
571,Adana,TR,36.985,35.2881,50.0,100,40,3.44,scattered clouds
572,Kyzyl-Suu,KG,42.3414,78.0056,31.15,82,100,6.64,overcast clouds
573,Paita,PE,-5.0892,-81.1144,74.79,76,100,12.59,overcast clouds
574,Trabzon,TR,40.9167,39.8333,51.8,58,0,3.44,clear sky
575,Mana,GF,5.6592,-53.7767,77.16,87,100,12.41,moderate rain
576,Galveston,US,29.3669,-94.9669,60.01,94,1,4.61,clear sky
577,Yermolino,RU,55.1949,36.5951,-2.2,78,75,11.18,broken clouds
578,Yerbogachen,RU,61.2767,108.0108,-0.15,92,100,10.89,light snow
579,Odweyne,SO,9.4092,45.064,62.91,58,0,11.9,clear sky
580,Salta,AR,-24.7859,-65.4117,71.6,68,40,3.44,scattered clouds
581,Polunochnoye,RU,60.8697,60.4153,-18.09,89,100,12.64,light snow
582,Alta Floresta,BR,-9.8756,-56.0861,70.74,99,100,2.26,overcast clouds
583,Pokrovskoye,RU,47.4157,38.8971,25.68,85,33,9.46,scattered clouds
584,Nizwa,OM,22.9333,57.5333,48.79,64,0,0.72,clear sky
585,Am Timan,TD,11.0297,20.2827,62.74,28,49,7.83,scattered clouds
586,La Ronge,CA,55.1001,-105.2842,-23.8,62,43,5.75,scattered clouds
587,Moron,AR,-34.6534,-58.6198,81.0,54,0,3.29,clear sky
588,San Andres,CO,12.5847,-81.7006,80.6,78,20,10.36,few clouds
589,Salekhard,RU,66.53,66.6019,-28.1,82,100,22.64,overcast clouds
590,Cedar City,US,37.6775,-113.0619,44.6,26,1,8.05,clear sky
591,Homer,US,59.6425,-151.5483,33.8,59,1,6.49,clear sky
592,Praya,CV,14.9215,-23.5087,68.0,64,75,20.71,broken clouds
593,Los Chiles,CR,11.0333,-84.7167,76.35,81,29,5.37,scattered clouds
594,Dubrovka,RU,53.6907,33.5071,-5.4,92,47,8.84,scattered clouds
595,Mareeba,AU,-17.0,145.4333,89.01,74,99,5.75,overcast clouds
596,San Patricio,US,28.017,-97.5169,64.4,55,1,3.44,clear sky
597,Muisne,EC,0.6,-80.0333,78.33,87,98,3.09,overcast clouds
598,Wanning,CN,18.8003,110.3967,72.27,75,22,4.23,few clouds
599,Padang,ID,-0.9492,100.3543,82.4,69,20,2.3,few clouds
600,Kinablangan,PH,7.6947,126.5503,78.93,88,100,5.95,overcast clouds
601,Atikokan,CA,48.7555,-91.6216,-17.03,85,100,10.96,overcast clouds
602,Na Wa,TH,17.4897,104.1006,68.0,77,0,3.44,clear sky
603,Aasiaat,GL,68.7098,-52.8699,19.94,87,0,24.83,clear sky
604,Tazovskiy,RU,67.4667,78.7,-25.15,86,64,10.31,broken clouds
605,Yatou,CN,37.15,122.3833,37.45,72,0,20.13,clear sky
606,Lat Yao,TH,15.751,99.7893,81.0,59,0,4.97,clear sky
607,Longyearbyen,SJ,78.2186,15.6401,15.8,86,75,12.66,broken clouds
608,Svetlaya,RU,46.5389,138.3297,11.41,84,86,7.23,overcast clouds
609,Boundiali,CI,9.5217,-6.4869,81.9,27,100,2.48,overcast clouds
610,Berdigestyakh,RU,62.0989,126.6992,-31.16,83,15,4.72,few clouds
611,Nha Trang,VN,12.25,109.1833,77.0,69,75,9.22,broken clouds
612,Mandurah,AU,-32.55,115.7,66.0,94,90,20.71,light rain
613,Sfantu Gheorghe,RO,45.8667,25.7833,41.0,85,99,7.0,overcast clouds
614,Martinsburg,US,39.4562,-77.9639,35.01,64,1,3.13,clear sky
615,Natal,BR,-5.795,-35.2094,78.8,83,20,3.44,few clouds
616,Okha,RU,53.5739,142.9478,2.98,93,100,8.75,overcast clouds
617,Kiama,AU,-34.6833,150.8667,79.0,77,4,5.01,clear sky
618,Aswan,EG,24.0934,32.907,55.02,63,0,4.76,clear sky
619,Pingxiang,CN,27.6167,113.85,60.15,74,74,2.82,light rain
620,Sibolga,ID,1.7427,98.7792,83.26,62,43,1.28,scattered clouds
621,Pangkalanbuun,ID,-2.6833,111.6167,83.37,77,100,3.94,overcast clouds
622,Chicama,PE,-7.8447,-79.1469,73.17,68,100,6.78,overcast clouds
623,Puerto Asis,CO,0.5133,-76.5007,74.17,91,60,1.34,broken clouds
624,Mahon,ES,39.8885,4.2658,55.4,94,40,10.36,scattered clouds
625,Yablochnyy,RU,47.1661,142.0661,5.0,66,50,6.71,scattered clouds
626,Deputatskiy,RU,69.3,139.9,-31.32,83,45,0.89,scattered clouds
627,Beohari,IN,24.05,81.3833,50.41,59,0,4.21,clear sky
628,Rantepao,ID,-2.9701,119.8978,81.82,63,100,1.3,overcast clouds
629,Springbok,ZA,-29.6643,17.8865,57.43,81,0,3.15,clear sky
630,Jinchang,CN,38.4953,102.1739,33.85,61,0,3.42,clear sky
631,Miles City,US,46.4083,-105.8406,1.4,71,90,12.66,light snow
632,Santa Cruz Cabralia,BR,-16.2781,-39.0247,78.8,83,75,4.61,broken clouds
633,Iskateley,RU,67.6803,53.1512,-26.1,85,99,13.51,overcast clouds
634,Sobolevo,RU,54.4299,31.8996,-5.06,92,67,8.05,broken clouds
635,Enumclaw,US,47.2043,-121.9915,46.99,86,100,11.99,overcast clouds
636,Scarborough,GB,54.2797,-0.4044,36.0,85,100,8.99,overcast clouds
637,Poya,NC,-21.35,165.15,83.39,68,33,4.83,scattered clouds
638,Wukari,NG,7.85,9.7833,75.4,21,0,5.75,clear sky
639,Calvini,RO,45.25,26.3,30.99,84,100,1.74,overcast clouds
640,Kieta,PG,-6.2167,155.6333,86.18,70,29,9.46,light rain
641,Porbandar,IN,21.6422,69.6093,64.35,36,0,13.44,clear sky
642,Rafai,CF,4.95,23.9167,64.69,28,9,4.65,clear sky
643,Samaipata,BO,-18.15,-63.8667,54.01,98,18,2.77,few clouds
644,Mokobeng,BW,-22.9965,27.6678,67.73,93,100,5.14,overcast clouds
645,Muzaffarabad,PK,34.37,73.4711,47.48,43,0,5.88,clear sky
646,Tsiroanomandidy,MG,-18.7667,46.0333,68.4,93,100,1.19,overcast clouds
647,Chiredzi,ZW,-21.05,31.6667,72.7,92,69,4.99,broken clouds
648,Eyl,SO,7.9803,49.8164,74.7,81,52,12.57,broken clouds
649,Kudat,MY,6.8837,116.8477,80.6,89,20,4.61,few clouds
650,Calabozo,VE,8.9242,-67.4293,80.76,51,100,10.36,overcast clouds
651,Bizhbulyak,RU,53.6967,54.2642,-2.94,91,100,16.46,overcast clouds
652,Payakumbuh,ID,-0.2202,100.6308,75.81,78,97,2.48,overcast clouds
653,Maxixe,MZ,-23.8597,35.3472,75.27,91,98,6.69,overcast clouds
654,Menongue,AO,-14.6585,17.691,65.3,93,100,5.64,light rain
655,Tungor,RU,53.3808,142.9564,4.21,94,100,8.75,overcast clouds
656,Jalu,LY,29.0331,21.5482,57.67,43,0,8.41,clear sky
657,Buala,SB,-8.145,159.5921,77.7,82,100,4.92,light rain
658,Holland,US,42.7875,-86.1089,19.4,73,90,14.97,light snow
659,Columbus,US,39.9612,-82.9988,21.99,58,75,3.44,broken clouds
660,Sisimiut,GL,66.9395,-53.6735,24.04,78,0,22.06,clear sky
661,Shirokiy,RU,49.758,129.523,-14.19,87,2,6.78,clear sky
662,Akim Swedru,GH,5.8938,-1.0164,75.18,94,12,2.55,few clouds
663,Port Pirie,AU,-33.1833,138.0167,69.8,60,75,16.11,broken clouds
664,Azogues,EC,-2.7333,-78.8333,62.6,67,79,5.75,broken clouds
665,Churachandpur,IN,24.3333,93.6667,56.28,51,0,0.92,clear sky
666,Tucumcari,US,35.1717,-103.725,46.4,17,1,9.22,clear sky
667,Whitianga,NZ,-36.8333,175.7,68.86,61,61,10.27,broken clouds
668,Cabedelo,BR,-6.9811,-34.8339,78.8,83,20,4.61,few clouds
669,Playa Del Carmen,MX,20.6274,-87.0799,79.0,89,1,8.05,clear sky
670,Busdi,PH,8.2761,125.2514,74.44,81,100,3.42,overcast clouds
671,Abalak,RU,58.1286,68.5944,29.98,99,100,11.14,light snow
672,Rawson,AR,-43.3002,-65.1023,58.24,71,13,18.92,few clouds
673,Agua Verde,MX,22.9,-106.05,68.0,77,1,8.05,clear sky
674,Suez,EG,29.9737,32.5263,58.24,66,0,4.61,clear sky
675,Brae,GB,60.3964,-1.353,33.8,60,90,17.27,light snow
676,Jieshi,CN,22.8134,115.8257,67.71,66,0,13.56,clear sky
677,Siguiri,GN,11.6667,-9.5,74.44,20,87,4.18,overcast clouds
678,Richards Bay,ZA,-28.783,32.0377,72.79,86,31,8.9,scattered clouds
679,Jumla,NP,29.2747,82.1838,28.9,70,0,7.14,clear sky
680,Yigou,CN,35.8114,114.3167,39.54,68,62,18.45,broken clouds
681,Bulgan,MN,48.8125,103.5347,5.41,86,0,2.89,clear sky
682,Zaraza,VE,9.3503,-65.3245,75.47,77,93,7.67,overcast clouds
683,Moyale,KE,3.5167,39.0584,68.43,53,97,3.29,overcast clouds
684,Warkworth,NZ,-36.4,174.6667,77.0,59,88,3.0,overcast clouds
685,Taoudenni,ML,22.6783,-3.9836,59.5,35,70,9.78,broken clouds
